{"cameraMode":{"drawMode":0,"name":"Shaded","section":"Shading Mode"},"sceneLighting":false,"audioPlay":false,"sceneViewState":{"showFog":true,"showMaterialUpdate":false,"showSkybox":false,"showFlares":true,"showImageEffects":true,"showParticleSystems":true},"in2DMode":false,"pivot":{"x":-5.964770317077637,"y":13.648111343383789,"z":40.238380432128909},"rotation":{"x":0.45991459488868716,"y":0.0018657558830454946,"z":-0.0009632572182454169,"w":0.8879653811454773},"size":38.4671745300293,"orthographic":true}