{"cameraMode":{"drawMode":0,"name":"Shaded","section":"Shading Mode"},"sceneLighting":false,"audioPlay":false,"sceneViewState":{"showFog":true,"showMaterialUpdate":false,"showSkybox":false,"showFlares":true,"showImageEffects":true,"showParticleSystems":true},"in2DMode":false,"pivot":{"x":0.0,"y":1.4974873065948487,"z":-1.1920928955078126e-7},"rotation":{"x":0.27246516942977908,"y":-0.6420866250991821,"z":0.26235681772232058,"w":0.6668256521224976},"size":2.502000331878662,"orthographic":true}