{"cameraMode":{"drawMode":0,"name":"Shaded","section":"Shading Mode"},"sceneLighting":false,"audioPlay":false,"sceneViewState":{"showFog":true,"showMaterialUpdate":false,"showSkybox":false,"showFlares":true,"showImageEffects":true,"showParticleSystems":true},"in2DMode":false,"pivot":{"x":0.0,"y":0.4999999403953552,"z":-2.9802322387695315e-8},"rotation":{"x":0.2669323980808258,"y":-0.06787265837192536,"z":0.018849974498152734,"w":0.9611377120018005},"size":0.8660253286361694,"orthographic":true}