{"cameraMode":{"drawMode":0,"name":"Shaded","section":"Shading Mode"},"sceneLighting":false,"audioPlay":false,"sceneViewState":{"showFog":true,"showMaterialUpdate":false,"showSkybox":false,"showFlares":true,"showImageEffects":true,"showParticleSystems":true},"in2DMode":false,"pivot":{"x":0.0,"y":0.9998889565467835,"z":-2.9802322387695315e-8},"rotation":{"x":0.09471943229436875,"y":-0.6373803019523621,"z":0.07937677204608917,"w":0.7605754733085632},"size":1.1191513538360596,"orthographic":true}