{"cameraMode":{"drawMode":0,"name":"Shaded","section":"Shading Mode"},"sceneLighting":false,"audioPlay":false,"sceneViewState":{"showFog":true,"showMaterialUpdate":false,"showSkybox":false,"showFlares":true,"showImageEffects":true,"showParticleSystems":true},"in2DMode":false,"pivot":{"x":0.0,"y":0.7499998807907105,"z":-2.9802322387695315e-8},"rotation":{"x":0.04320622608065605,"y":-0.9545770883560181,"z":0.23906999826431275,"w":0.17251716554164887},"size":1.0307762622833253,"orthographic":true}