{"cameraMode":{"drawMode":0,"name":"Shaded","section":"Shading Mode"},"sceneLighting":false,"audioPlay":false,"sceneViewState":{"showFog":true,"showMaterialUpdate":false,"showSkybox":false,"showFlares":true,"showImageEffects":true,"showParticleSystems":true},"in2DMode":false,"pivot":{"x":0.0,"y":0.9999998807907105,"z":-5.960464477539063e-8},"rotation":{"x":0.21178597211837769,"y":-0.5730324983596802,"z":0.15637312829494477,"w":0.7761044502258301},"size":1.4150969982147217,"orthographic":true}