{"cameraMode":{"drawMode":0,"name":"Shaded","section":"Shading Mode"},"sceneLighting":false,"audioPlay":false,"sceneViewState":{"showFog":true,"showMaterialUpdate":false,"showSkybox":false,"showFlares":true,"showImageEffects":true,"showParticleSystems":true},"in2DMode":false,"pivot":{"x":0.0,"y":0.9999998807907105,"z":-2.9802322387695315e-8},"rotation":{"x":0.029380865395069124,"y":-0.9503663182258606,"z":0.2949184477329254,"w":0.09467919915914536},"size":1.2247447967529297,"orthographic":true}